,alphablend_0p10_normal_seed_1,alphablend_0p20_normal_seed_1,alphablend_0p30_normal_seed_1,alphablend_0p40_normal_seed_1,alphablend_0p50_normal_seed_1,alphablend_0p60_normal_seed_1,alphablend_0p70_normal_seed_1,alphablend_0p80_normal_seed_1,alphablend_0p90_normal_seed_1
alphablend_0p10_normal,2.147187185357943,2.509732985720208,2.516975892180053,2.3570803710445327,4.39430837243494,2.9475313674461603,14.610119907614626,48.553822740855765,97.027884506827
alphablend_0p20_normal,2.2805797891121595,2.1636683419913574,2.5113104574139693,2.5492974589660187,3.236652004556742,5.739461871335631,21.41567343484082,47.14061325854891,98.07583770000166
alphablend_0p30_normal,10.222378887485716,2.4399254189680817,5.61167471605018,6.355321271193462,6.813453649616011,7.073858098469873,33.65220594032352,48.83037984116872,97.57434281538197
alphablend_0p40_normal,16.60995234047556,3.3585653411283536,2.7038579513811642,14.422367652737677,2.945143182345177,12.039070434822197,30.218464865514687,66.1414810454862,99.57080893297719
alphablend_0p50_normal,30.081441623834564,24.252143892751533,29.141700221199375,4.433210166930877,4.963246902477041,6.671988690248464,16.507532917119185,45.47239181961675,95.95234207155234
alphablend_0p60_normal,39.26199207624988,38.3016594524487,35.32135849582167,12.748021515108379,14.933127298267333,11.244748997999833,38.22442124322007,55.78113378060086,97.21367334387843
alphablend_0p70_normal,inf,inf,inf,32.02610812525807,31.708704438788477,20.17747915810152,21.34223648396404,52.56819677717207,93.13711839504646
alphablend_0p80_normal,inf,inf,inf,69.04059113332004,inf,47.79509432829594,36.205508246482026,58.71548563289825,94.03215516492116
alphablend_0p90_normal,inf,inf,inf,inf,inf,inf,inf,78.76334211494634,98.2903818934127
