,alphablend_0p10_normal_seed_1,alphablend_0p20_normal_seed_1,alphablend_0p30_normal_seed_1,alphablend_0p40_normal_seed_1,alphablend_0p50_normal_seed_1,alphablend_0p60_normal_seed_1,alphablend_0p70_normal_seed_1,alphablend_0p80_normal_seed_1,alphablend_0p90_normal_seed_1
alphablend_0p10_normal,0.9905899703502655,0.9902402728796005,0.9902193635702133,0.9899319589138031,0.9885688960552216,0.986120167374611,0.9698078721761704,0.4374427042901516,0.5296994492411613
alphablend_0p20_normal,0.9892843812704086,0.9896606028079986,0.9906505614519119,0.9901571214199066,0.9891471683979034,0.9861190408468247,0.9699203133583069,0.44242909401655195,0.4982932686805725
alphablend_0p30_normal,0.9858897030353546,0.9881580770015717,0.9887517899274826,0.9889519810676575,0.9882478535175323,0.985520800948143,0.9700340211391449,0.45224196910858155,0.6084330245852471
alphablend_0p40_normal,0.9758826971054078,0.9831634014844894,0.9827643692493438,0.9863036185503006,0.9858992218971252,0.9833478718996048,0.9695682376623154,0.4914026141166687,0.6258883088827133
alphablend_0p50_normal,0.9361613065004348,0.9598183989524841,0.8988275706768036,0.9784100651741028,0.9822191447019577,0.9815390467643738,0.9669012397527694,0.5724727362394333,0.6424116402864456
alphablend_0p60_normal,0.6809110432863236,0.748653756082058,0.5325669713318348,0.7186893224716187,0.966861155629158,0.9782599091529847,0.9636073559522629,0.8091805189847946,0.6125877797603607
alphablend_0p70_normal,0.4129510045051575,0.43078259825706483,0.3376921020448208,0.30884006544947623,0.5412622466683388,0.8868304133415222,0.9583278119564056,0.9285484254360199,0.6317282252013683
alphablend_0p80_normal,0.2989544779062271,0.2857499424368143,0.25384047329425813,0.24137913286685944,0.2491246908903122,0.27893841192126273,0.652292612195015,0.9058623522520065,0.4984067723155022
alphablend_0p90_normal,0.25362707786262034,0.246797776222229,0.2405553303658962,0.23866744078695773,0.23875311836600305,0.239856244251132,0.24593503810465336,0.3853699840605259,0.4445742130279541
