,alphablend_0p10_normal_seed_1,alphablend_0p20_normal_seed_1,alphablend_0p30_normal_seed_1,alphablend_0p40_normal_seed_1,alphablend_0p50_normal_seed_1,alphablend_0p60_normal_seed_1,alphablend_0p70_normal_seed_1,alphablend_0p80_normal_seed_1,alphablend_0p90_normal_seed_1
alphablend_0p10_normal,0.9415113334177535,0.9996648793565683,1.0,0.6936538909254815,0.9999328859060401,0.9641887988795108,0.9863997745507269,0.86804740559338,0.02050555640359001
alphablend_0p20_normal,0.9511660450358912,0.9980006148997905,0.9993389426898205,0.78372687379534,0.9998659517426273,0.9679107270108623,0.9852143660745594,0.8747740353480115,0.022138239426901806
alphablend_0p30_normal,0.9470521360670784,0.9998799519807923,0.9932408597161247,0.8510200705620615,0.9999367088607596,0.9612123420591807,0.9874982422863321,0.8574595127674577,0.01828740723337896
alphablend_0p40_normal,0.8115612630928094,0.9947771820222078,0.9649404285287797,0.7165131882719382,1.0,0.9579453303033905,0.9791911611451288,0.8598782587151135,0.014799767598290155
alphablend_0p50_normal,0.3833836539244871,0.934046397688928,0.515374297751648,0.5753765215698519,0.9995024105016554,0.9559021910867814,0.9810531249147154,0.8737053389739187,0.027704161802568194
alphablend_0p60_normal,0.03285106480818801,0.5049251737628411,0.1305751408886245,0.21602573801822916,0.986639397242314,0.955033224278727,0.965773854752125,0.850148332405156,0.05182678069922442
alphablend_0p70_normal,0.019866506852953797,0.13871048312385761,0.021930768441390493,0.15360661977847462,0.44573464116894207,0.6949345314640462,0.943414169082806,0.8478949216524067,0.12674571903934478
alphablend_0p80_normal,0.01337261998744407,0.027001948587336826,0.004334310129401377,0.00585133755088566,0.016770159758707985,0.14409824260665788,0.23375866082561975,0.7067982607753323,0.2586615161991352
alphablend_0p90_normal,0.008649140597422176,0.004612662339412618,0.002458423716558207,0.0024478041756659467,0.00286231884057971,0.0090855313078768,0.002453102453102453,0.21522516868882927,0.37294462966442926
