,alphablend_0p10_normal_seed_1,alphablend_0p20_normal_seed_1,alphablend_0p30_normal_seed_1,alphablend_0p40_normal_seed_1,alphablend_0p50_normal_seed_1,alphablend_0p60_normal_seed_1,alphablend_0p70_normal_seed_1,alphablend_0p80_normal_seed_1,alphablend_0p90_normal_seed_1
alphablend_0p10_normal,1.182842712474619,2.2815643795213254,8.552910983996933,2.5360674675869177,1.5771601883432527,8.431285832611076,12.75627602956499,13.0183736573837,7.179198364102929
alphablend_0p20_normal,2.41557778992682,2.5481995019428823,8.560156852717906,1.365685424949238,1.7242640687119284,10.961852285974086,2.787037295732003,9.010996730175824,7.028508414793779
alphablend_0p30_normal,19.376360689107575,2.4325115327138214,2.087682435772261,1.4981995019428822,1.8501759857265903,2.1538556159322337,8.809187329983722,3.2737501088895513,6.976495523960523
alphablend_0p40_normal,31.297709835075942,13.490340818307265,4.762529263350828,1.8778197947541322,1.9010956215742065,2.53540492547556,10.270643405668142,4.498129115574297,7.3636279964971205
alphablend_0p50_normal,42.234310759270976,32.63318488609706,16.02378781093997,11.640308542780073,3.05167351888759,2.949635067608669,3.2515926914623607,3.482019570100749,7.792883579599848
alphablend_0p60_normal,128.07501145139676,65.50392039554822,33.44981078533818,36.15672628663391,23.329131074709032,3.60834260351169,8.425191429904322,4.3442686418966305,7.831364627368484
alphablend_0p70_normal,145.94657877837702,115.70130462304421,87.50263575497311,93.40738860032661,68.41323481761427,16.098711985272708,10.114226158289167,9.970587827801303,10.080203727999741
alphablend_0p80_normal,146.48439706047,146.45470233132875,141.98086310268303,146.6230735734519,134.66147080241652,92.55844198513194,32.706083960333814,36.225242783637896,16.748480561926662
alphablend_0p90_normal,146.2339636363546,146.40001348107674,146.65090062377445,146.62205955471194,146.53798956763978,137.5866394043233,111.1202295668716,99.98442589840721,57.12472005642309
