,alphablend_0p10_normal_seed_1,alphablend_0p20_normal_seed_1,alphablend_0p30_normal_seed_1,alphablend_0p40_normal_seed_1,alphablend_0p50_normal_seed_1,alphablend_0p60_normal_seed_1,alphablend_0p70_normal_seed_1,alphablend_0p80_normal_seed_1,alphablend_0p90_normal_seed_1
alphablend_0p10_normal,0.9982457220554352,0.9984801054000855,0.9985454648733139,0.9983928442001343,0.9985258847475051,0.9974987417459488,0.9978279083967209,0.7496452778577805,0.42434086948633193
alphablend_0p20_normal,0.9981250792741776,0.9983032613992691,0.9983927935361863,0.9981879234313965,0.9982669055461884,0.9973058372735977,0.9978104114532471,0.7945784524083137,0.42943381443619727
alphablend_0p30_normal,0.9975577473640442,0.9980204612016678,0.9982843101024628,0.9983297139406204,0.9984168410301208,0.9972956299781799,0.9979845225811005,0.9032531410455704,0.49089664965867996
alphablend_0p40_normal,0.9961905539035797,0.997162589430809,0.997776198387146,0.9978944808244705,0.9980149120092392,0.9976882040500641,0.9975037127733231,0.9591703683137893,0.5804083287715912
alphablend_0p50_normal,0.9903390049934387,0.9889372527599335,0.9961958855390549,0.9971638411283493,0.9977793276309967,0.9975854396820069,0.9974978595972062,0.9957045793533326,0.8001474678516388
alphablend_0p60_normal,0.8514742434024811,0.7679264798760415,0.9653487116098404,0.9792896956205368,0.9970102697610855,0.9972084850072861,0.9976627707481385,0.9975333958864212,0.9408708721399307
alphablend_0p70_normal,0.3901620604097843,0.31755580343306067,0.5409992061555385,0.546987721323967,0.9337558418512344,0.9956408500671386,0.9970407158136367,0.9972665220499038,0.9930111706256867
alphablend_0p80_normal,0.24520637802779674,0.23892056792974473,0.25786822102963924,0.2430552363395691,0.30833006650209427,0.567205761373043,0.9547606468200683,0.9959681034088135,0.993315115571022
alphablend_0p90_normal,0.2376326136291027,0.23686628378927707,0.23694862946867942,0.2367001298815012,0.23673716597259045,0.23774357587099076,0.24493502154946328,0.8081306636333465,0.9874022543430329
