,alphablend_0p10_normal_seed_1,alphablend_0p20_normal_seed_1,alphablend_0p30_normal_seed_1,alphablend_0p40_normal_seed_1,alphablend_0p50_normal_seed_1,alphablend_0p60_normal_seed_1,alphablend_0p70_normal_seed_1,alphablend_0p80_normal_seed_1,alphablend_0p90_normal_seed_1
alphablend_0p10_normal,0.9932487487792969,0.9909377813339233,0.9915284901857376,0.9964325547218322,0.9976556330919266,0.9969142794609069,0.9917523443698884,0.966975012421608,0.7837274074554443
alphablend_0p20_normal,0.993336895108223,0.9898778110742569,0.991483724117279,0.9965360105037689,0.9975290685892105,0.9961499482393265,0.9914984375238418,0.9658794194459915,0.7962557345628738
alphablend_0p30_normal,0.9924845099449158,0.9893595755100251,0.9931408107280731,0.9967963039875031,0.9976275742053986,0.9967136323451996,0.9945815026760101,0.975704875588417,0.8172136932611466
alphablend_0p40_normal,0.9877313852310181,0.9874183386564255,0.9908981680870056,0.9957034558057785,0.9971977800130845,0.9961971282958985,0.994900432229042,0.9820081919431687,0.8197877824306488
alphablend_0p50_normal,0.9618400424718857,0.9812018245458602,0.9887081980705261,0.9940832376480102,0.9965299785137176,0.9948667109012603,0.995130056142807,0.9910723835229873,0.8480175048112869
alphablend_0p60_normal,0.8031705439090728,0.9416339486837387,0.9866159528493881,0.9916821748018265,0.9954615861177445,0.9941717684268951,0.9951777398586273,0.9915322214365005,0.8524677962064743
alphablend_0p70_normal,0.40247220303863285,0.8013374909758568,0.9551967531442642,0.9137973725795746,0.9284907668828964,0.9911271244287491,0.9950401186943054,0.992814165353775,0.8392562359571457
alphablend_0p80_normal,0.0886450299352873,0.6504158213734627,0.7054757907986641,0.755538322031498,0.5869934178888798,0.8779748633503914,0.9836103767156601,0.9891956180334092,0.8141066536307335
alphablend_0p90_normal,0.043346804566681385,0.27955285720527173,0.14831257332116365,0.19290722273290156,0.004633380611267057,0.4938997909426689,0.7594711229205131,0.7731351882219315,0.7535393923521042
