,alphablend_0p10_normal_seed_1,alphablend_0p20_normal_seed_1,alphablend_0p30_normal_seed_1,alphablend_0p40_normal_seed_1,alphablend_0p50_normal_seed_1,alphablend_0p60_normal_seed_1,alphablend_0p70_normal_seed_1,alphablend_0p80_normal_seed_1,alphablend_0p90_normal_seed_1
alphablend_0p10_normal,1.8085045594436262,1.732842712474619,1.844974746830583,1.4189101800615371,1.298528137423857,11.666451921965457,23.811074867794257,85.03810356653533,54.83725750022326
alphablend_0p20_normal,1.8059978486925226,1.9889979937555018,1.873935433230954,1.236396103067893,1.3363961030678928,8.09500324509643,25.332986148126952,69.78296084731717,37.38442287930526
alphablend_0p30_normal,8.11429309622698,2.181584555485101,1.9242640687119283,1.2949747468305834,1.1656854249492379,3.3571067811865474,21.38420362539157,75.8333226082003,24.275031352764664
alphablend_0p40_normal,31.56846478958581,9.657997171014019,2.1867533187459034,1.436396103067893,1.3067781457055727,5.313467158283887,14.29757925479675,46.877215176753246,28.743882267020133
alphablend_0p50_normal,76.63267182202136,33.12532294623461,3.929220606909296,2.7417023861973226,1.5192388155425118,1.5227945415847155,1.5863961030678928,19.585336208787545,23.066019953057623
alphablend_0p60_normal,108.40917870907329,102.93673517180514,31.339166058049358,23.3644627962979,5.532559599234363,1.6803849434555516,1.718910180061537,8.690680919338119,18.745937246888452
alphablend_0p70_normal,132.04630649959108,112.78199562432778,85.32627349462754,47.00547499502979,61.67219277373149,20.56699661808567,1.9014242570551816,5.9852659355219755,25.274582188332975
alphablend_0p80_normal,144.88714228637969,133.36518881961052,122.1273452347286,118.68545212869064,135.08700772169925,96.68255288791418,21.066718781687747,2.800237041558832,26.576390212211372
alphablend_0p90_normal,146.1118680826209,145.62906063080868,146.1255099469814,146.00724828967216,146.04115021655937,119.84556824352065,114.81090897907382,106.22048671484974,58.830412982095595
