,alphablend_0p10_normal_seed_1,alphablend_0p20_normal_seed_1,alphablend_0p30_normal_seed_1,alphablend_0p40_normal_seed_1,alphablend_0p50_normal_seed_1,alphablend_0p60_normal_seed_1,alphablend_0p70_normal_seed_1,alphablend_0p80_normal_seed_1,alphablend_0p90_normal_seed_1
alphablend_0p10_normal,2.1927118234681244,2.5216805062637397,2.513617347243387,3.868525066705987,2.718428894826178,5.489578678922052,9.647599055403004,117.05774667048206,94.30490658808723
alphablend_0p20_normal,2.6500833038818525,6.238499472249078,2.4859049321716067,2.768242045564816,2.832227637414893,3.6295051680612302,11.126565576135391,117.47287692346795,97.92822169095913
alphablend_0p30_normal,10.870919537949334,10.098264725062679,2.753461796671131,2.9363782542053194,2.8082733442539225,12.502391684327456,14.319792474039485,117.0291663059664,84.13696200203361
alphablend_0p40_normal,23.651420662096438,17.57871428329647,3.146093888733443,3.4314319057307174,3.078225032674591,3.785157133326284,7.786996079933617,110.04057539605378,84.96634837795224
alphablend_0p50_normal,57.75951124237031,66.02279541158421,50.97865993338665,18.552455417654066,9.196660652273057,4.418749009136924,8.340099618913914,101.21068078454319,74.00019508693268
alphablend_0p60_normal,110.6865921705504,119.71149230997078,115.45014528292795,101.05400124931619,78.34548103887145,17.35910954303413,6.224145235972346,44.96868734080199,75.9711428304704
alphablend_0p70_normal,124.31450934369471,133.32003696340058,131.8788578353925,129.63478079916632,130.58623606674894,107.8890421518579,30.22960777157021,28.587276054005475,86.30553918260038
alphablend_0p80_normal,136.15490521542802,142.7619485638024,141.23430702566318,139.8812218330835,143.146698017058,139.29836702677306,126.91904567999336,33.55917070860189,97.14353342434133
alphablend_0p90_normal,140.58607861771333,144.38862946824128,143.59730614294313,142.55638244252572,144.16106382605705,143.07430308180523,141.38796451393722,118.69767483877152,101.27527110493483
